{
  "project": "USDTgVerse",
  "last_updated_utc": "2025-10-04T18:58:39.014896Z",
  "chains": [
    {
      "chain": "TRON",
      "chain_id": "N/A",
      "scanner": "https://tronscan.org",
      "tokens": []
    },
    {
      "chain": "BSC",
      "chain_id": 56,
      "scanner": "https://bscscan.com",
      "tokens": []
    },
    {
      "chain": "ETH",
      "chain_id": 1,
      "scanner": "https://etherscan.io",
      "tokens": []
    },
    {
      "chain": "USDTgChain",
      "chain_id": "custom",
      "scanner": "https://explorer.usdtg.net",
      "tokens": []
    }
  ],
  "tokens_legend": {
    "symbol": "Ticker symbol",
    "name": "Full name",
    "address": "Checksummed address",
    "decimals": "Token decimals",
    "type": "ERC20/TRC20/BEP20/native",
    "is_native": "true/false",
    "logo": "https://.../logo.png",
    "audit": "https://.../audit.pdf"
  },
  "official_links": {
    "website": "https://www.usdtgverse.com",
    "whitepaper": "https://www.usdtg.net/whitepaper.html",
    "audit": "https://www.usdtg.net/audit/USDTg_Audit_Report_Final.pdf",
    "twitter": "https://twitter.com/usdtgcoin",
    "telegram": "https://t.me/usdtg_token"
  }
}