{
  "project": "USDTgVerse",
  "prepared_utc": "2025-10-04T19:17:53.840478Z",
  "native_coins": [
    {
      "symbol": "USDTg",
      "name": "TetherGround USD",
      "type": "native",
      "decimals": 6
    },
    {
      "symbol": "USDTgG",
      "name": "USDTg Governance",
      "type": "native",
      "decimals": 6
    },
    {
      "symbol": "USDTgV",
      "name": "USDTg Velocity",
      "type": "native",
      "decimals": 6
    }
  ],
  "links": {
    "website": "https://www.usdtgverse.com",
    "whitepaper": "https://www.usdtg.net/whitepaper.html",
    "explorer": "https://explorer.usdtg.net",
    "audit": "https://www.usdtg.net/audit/USDTg_Audit_Report_Final.pdf",
    "twitter": "https://twitter.com/usdtgcoin",
    "telegram": "https://t.me/usdtg_token"
  },
  "note": "These coins are native currencies of the USDTgVerse chain. They do not have contract addresses, similar to TRX on TRON or ETH on Ethereum."
}