{
  "project": "USDTgVerse",
  "last_updated_utc": "2025-10-04T19:06:23.941017Z",
  "chains": [
    {
      "chain": "USDTgVerse",
      "chain_id": "native",
      "scanner": "https://explorer.usdtg.net",
      "tokens": [
        {"symbol": "USDTg",  "name": "TetherGround USD", "address": null, "decimals": 6,  "type": "native", "is_native": true},
        {"symbol": "USDTgV", "name": "USDTg Velocity",   "address": null, "decimals": 6,  "type": "native", "is_native": true},
        {"symbol": "USDTgG", "name": "USDTg Governance", "address": null, "decimals": 6,  "type": "native", "is_native": true}
      ]
    }
  ],
  "official_links": {
    "website": "https://www.usdtgverse.com",
    "whitepaper": "https://www.usdtg.net/whitepaper.html",
    "audit": "https://www.usdtg.net/audit/USDTg_Audit_Report_Final.pdf",
    "twitter": "https://twitter.com/usdtgcoin",
    "telegram": "https://t.me/usdtg_token"
  }
}
