{
  "$schema": "https://json-schema.org/draft/2020-12/schema",
  "title": "USDTgVerse Proof of Reserves",
  "type": "object",
  "required": [
    "as_of_utc",
    "assets"
  ],
  "properties": {
    "as_of_utc": {
      "type": "string",
      "format": "date-time"
    },
    "bridge_contracts": {
      "type": "array",
      "items": {
        "type": "string"
      }
    },
    "assets": {
      "type": "array",
      "items": {
        "type": "object",
        "required": [
          "symbol",
          "chain",
          "locked",
          "minted",
          "circulating",
          "addresses"
        ],
        "properties": {
          "symbol": {
            "type": "string"
          },
          "variant": {
            "type": "string",
            "description": "wrapped/native/etc."
          },
          "chain": {
            "type": "string"
          },
          "locked": {
            "type": "string",
            "description": "units locked on source chain"
          },
          "minted": {
            "type": "string",
            "description": "units minted on destination chain"
          },
          "circulating": {
            "type": "string"
          },
          "unit_decimals": {
            "type": "integer"
          },
          "addresses": {
            "type": "array",
            "items": {
              "type": "string"
            }
          },
          "tx_hashes": {
            "type": "array",
            "items": {
              "type": "string"
            }
          }
        }
      }
    },
    "proof_hash": {
      "type": "string",
      "description": "sha256 of this JSON for notarization"
    }
  }
}