{
  "as_of_utc": "2025-10-04T18:58:39.016396Z",
  "bridge_contracts": [
    "tron: Txxxxxxxxxxxxxxxxxxxxxxxxxxxxxxxxx",
    "bsc: 0x0000000000000000000000000000000000000000"
  ],
  "assets": [
    {
      "symbol": "USDTg",
      "variant": "wrapped",
      "chain": "BSC",
      "locked": "1000000.000000",
      "minted": "1000000.000000",
      "circulating": "950000.000000",
      "unit_decimals": 6,
      "addresses": [
        "source_lock: tron:Txxxxxxxxxxxxxxxxxxxxxxxxxx",
        "mint_contract: bsc:0x0000000000000000000000000000000000000000"
      ],
      "tx_hashes": [
        "0xabc...",
        "0xdef..."
      ]
    }
  ],
  "proof_hash": "TBD_SHA256_HASH"
}